,name,title
1008.1650v1,1008.1650v1,Representing Small Ordinals by Finite Automata
1201.6488v2,1201.6488v2,Advanced Coarsening Schemes for Graph Partitioning
0810.4196v1,0810.4196v1,Interval Semantics for Standard Floating-Point Arithmetic
1503.04988v2,1503.04988v2,Perfect Consistent Hashing
2211.02250v3,2211.02250v3,Real-Time Target Sound Extraction
1908.09590v1,1908.09590v1,Rethinking Attribute Representation and Injection for Sentiment Classification
2101.00265v1,2101.00265v1,VisualSparta: Sparse Transformer Fragment-level Matching for Large-scale Text-to-Image Search
1911.06721v1,1911.06721v1,In-domain representation learning for remote sensing
1506.07152v2,1506.07152v2,Toward Simulation-free Estimation of Critical Clearing Time
1212.4106v1,1212.4106v1,Energy Efficient Sleep Awake Aware (EESAA) Intelligent Sensor Network Routing Protocol
2302.11893v1,2302.11893v1,A framework for benchmarking class-out-of-distribution detection and its application to ImageNet
1311.7422v1,1311.7422v1,LiteLab: Efficient Large-scale Network Experiments
2004.03125v1,2004.03125v1,RYANSQL: Recursively Applying Sketch-based Slot Fillings for Complex Text-to-SQL in Cross-Domain Databases
2201.12501v3,2201.12501v3,Does Transliteration Help Multilingual Language Modeling?
2211.16963v2,2211.16963v2,Rendezvous in Time: An Attention-based Temporal Fusion approach for Surgical Triplet Recognition
2005.05432v2,2005.05432v2,Target-Independent Domain Adaptation for WBC Classification using Generative Latent Search
2108.00171v1,2108.00171v1,Learning Instance-level Spatial-Temporal Patterns for Person Re-identification
0807.2178v1,0807.2178v1,Ranking Unit Squares with Few Visibilities
1407.3698v1,1407.3698v1,Diffusion Adaptation Strategies for Distributed Estimation over Gaussian Markov Random Fields
2002.08087v5,2002.08087v5,LAMBERT: Layout-Aware (Language) Modeling for information extraction
1511.06559v3,1511.06559v3,Approximating Directed Steiner Problems via Tree Embedding
2007.10603v1,2007.10603v1,Feature-metric Loss for Self-supervised Learning of Depth and Egomotion
2010.00951v2,2010.00951v2,Coupled Oscillatory Recurrent Neural Network (coRNN): An accurate and (gradient) stable architecture for learning long time dependencies
2108.10528v1,2108.10528v1,ShapeConv: Shape-aware Convolutional Layer for Indoor RGB-D Semantic Segmentation
2205.09363v1,2205.09363v1,Plane Geometry Diagram Parsing
1906.00139v2,1906.00139v2,Region-specific Diffeomorphic Metric Mapping
2106.05915v3,2106.05915v3,Anatomy-XNet: An Anatomy Aware Convolutional Neural Network for Thoracic Disease Classification in Chest X-rays
2103.14267v1,2103.14267v1,Contrastive Learning based Hybrid Networks for Long-Tailed Image Classification
2203.01929v1,2203.01929v1,CenterSnap: Single-Shot Multi-Object 3D Shape Reconstruction and Categorical 6D Pose and Size Estimation
2302.01516v2,2302.01516v2,Class Overwhelms: Mutual Conditional Blended-Target Domain Adaptation
1910.11583v1,1910.11583v1,Using Pairwise Occurrence Information to Improve Knowledge Graph Completion on Large-Scale Datasets
1111.2425v2,1111.2425v2,Improving broadcast channel rate using hierarchical modulation
1108.5493v3,1108.5493v3,"Green Cellular Networks: A Survey, Some Research Issues and Challenges"
2105.01457v3,2105.01457v3,CFEAR Radarodometry -- Conservative Filtering for Efficient and Accurate Radar Odometry
0910.5744v1,0910.5744v1,Exact algorithms for OWA-optimization in multiobjective spanning tree problems
1903.06256v1,1903.06256v1,Learning Robust Representations by Projecting Superficial Statistics Out
1905.10994v2,1905.10994v2,ODE$^2$VAE: Deep generative second order ODEs with Bayesian neural networks
2203.11378v1,2203.11378v1,HyperShot: Few-Shot Learning by Kernel HyperNetworks
1605.00105v1,1605.00105v1,Multi-Connectivity in 5G mmWave Cellular Networks
1711.04434v1,1711.04434v1,Faithful to the Original: Fact Aware Neural Abstractive Summarization
2206.00255v1,2206.00255v1,Star algorithm for NN ensembling
2303.11381v1,2303.11381v1,MM-REACT: Prompting ChatGPT for Multimodal Reasoning and Action
1203.1392v1,1203.1392v1,Region-based memory management for Mercury programs
1508.05021v1,1508.05021v1,Participatory Sensing for Government-Centric Applications: A Singapore Case Study
2211.13445v1,2211.13445v1,Delving into Out-of-Distribution Detection with Vision-Language Representations
1111.4751v1,1111.4751v1,Solving the TTC 2011 Reengineering Case with GrGen.NET
1105.4246v1,1105.4246v1,Voronoi Diagram: The Generator Recognition Problem
2112.11435v2,2112.11435v2,Learned Queries for Efficient Local Attention
2012.06815v3,2012.06815v3,Alpha-Refine: Boosting Tracking Performance by Precise Bounding Box Estimation
1110.3185v1,1110.3185v1,Structure of lexicographic Groebner bases in three variables of ideals of dimension zero
2201.00520v3,2201.00520v3,Vision Transformer with Deformable Attention
1812.03411v2,1812.03411v2,Feature Denoising for Improving Adversarial Robustness
1909.11378v2,1909.11378v2,Attention Convolutional Binary Neural Tree for Fine-Grained Visual Categorization
2207.07783v3,2207.07783v3,Learning Long-Term Spatial-Temporal Graphs for Active Speaker Detection
2211.09807v2,2211.09807v2,Towards All-in-one Pre-training via Maximizing Multi-modal Mutual Information
0910.5215v1,0910.5215v1,Approximation Algorithms for Link Scheduling with Physical Interference Model in Wireless Multi-hop Networks
2203.12277v1,2203.12277v1,Unified Structure Generation for Universal Information Extraction
2006.11207v2,2006.11207v2,Frustratingly Simple Domain Generalization via Image Stylization
2309.11082v1,2309.11082v1,Dual-Modal Attention-Enhanced Text-Video Retrieval with Triplet Partial Margin Contrastive Learning
2302.03820v1,2302.03820v1,A Unified Multi-view Multi-person Tracking Framework
2107.02630v1,2107.02630v1,Hyperspectral Pansharpening Based on Improved Deep Image Prior and Residual Reconstruction
1310.1649v1,1310.1649v1,QuickLexSort: An efficient algorithm for lexicographically sorting nested restrictions of a database
1904.08745v2,1904.08745v2,edGNN: a Simple and Powerful GNN for Directed Labeled Graphs
1601.00221v1,1601.00221v1,Faster GPU Based Genetic Programming Using A Two Dimensional Stack
1207.0316v1,1207.0316v1,Algorithmic Aspects of Homophyly of Networks
2307.12309v1,2307.12309v1,Building Extraction from Remote Sensing Images via an Uncertainty-Aware Network
2203.15969v1,2203.15969v1,Deeply Interleaved Two-Stream Encoder for Referring Video Segmentation
1808.03731v2,1808.03731v2,From POS tagging to dependency parsing for biomedical event extraction
2204.12802v1,2204.12802v1,GTNet: A Tree-Based Deep Graph Learning Architecture
1802.09477v3,1802.09477v3,Addressing Function Approximation Error in Actor-Critic Methods
2305.07829v2,2305.07829v2,No-Reference Point Cloud Quality Assessment via Weighted Patch Quality Prediction
2203.05334v1,2203.05334v1,Iterative Corresponding Geometry: Fusing Region and Depth for Highly Efficient 3D Tracking of Textureless Objects
1911.08076v1,1911.08076v1,IFQ-Net: Integrated Fixed-point Quantization Networks for Embedded Vision
1005.3158v1,1005.3158v1,Improvement Cache Efficiency of Explicit Finite Element Procedure and its Application to Parallel Casting Solidification Simulation
1805.04993v1,1805.04993v1,"Discourse Coherence in the Wild: A Dataset, Evaluation and Methods"
2105.01237v2,2105.01237v2,COMISR: Compression-Informed Video Super-Resolution
1906.01203v1,1906.01203v1,Dilated Convolution with Dilated GRU for Music Source Separation
1711.08611v1,1711.08611v1,A Deep Relevance Matching Model for Ad-hoc Retrieval
2212.08641v1,2212.08641v1,GFPose: Learning 3D Human Pose Prior with Gradient Fields
0901.4747v2,0901.4747v2,On finding multiplicities of characteristic polynomial factors of black-box matrices
1204.0462v1,1204.0462v1,Time Synchronization Attack in Smart Grid-Part II: Cross Layer Detection Mechanism
2010.10333v2,2010.10333v2,CR-Walker: Tree-Structured Graph Reasoning and Dialog Acts for Conversational Recommendation
2003.12058v1,2003.12058v1,Grounded Situation Recognition
2112.01832v3,2112.01832v3,Lightweight Attentional Feature Fusion: A New Baseline for Text-to-Video Retrieval
1402.5303v3,1402.5303v3,Diffuse Reflection Radius in a Simple Polygon
2310.16288v1,2310.16288v1,MotionAGFormer: Enhancing 3D Human Pose Estimation with a Transformer-GCNFormer Network
1409.2193v3,1409.2193v3,An Epistemic Strategy Logic
1512.00274v2,1512.00274v2,On Constructing Secure and Hardware-Efficient Invertible Mappings
2010.05435v1,2010.05435v1,Top-DB-Net: Top DropBlock for Activation Enhancement in Person Re-Identification
1311.1025v1,1311.1025v1,SolarStat: Modeling Photovoltaic Sources through Stochastic Markov Processes
1307.6628v1,1307.6628v1,Applied Similarity Problems Using Frechet Distance
1003.3672v1,1003.3672v1,Data Hiding Techniques Using Prime and Natural Numbers
1802.04394v5,1802.04394v5,M-Walk: Learning to Walk over Graphs using Monte Carlo Tree Search
2003.10826v1,2003.10826v1,DeepFit: 3D Surface Fitting via Neural Network Weighted Least Squares
2007.11864v1,2007.11864v1,Differentiable Hierarchical Graph Grouping for Multi-Person Pose Estimation
2007.13693v3,2007.13693v3,The MAMe Dataset: On the relevance of High Resolution and Variable Shape image properties
2007.04901v1,2007.04901v1,Cross-Modal Weighting Network for RGB-D Salient Object Detection
2308.06777v1,2308.06777v1,Shrinking Class Space for Enhanced Certainty in Semi-Supervised Learning
2211.02386v1,2211.02386v1,PP-YOLOE-R: An Efficient Anchor-Free Rotated Object Detector
2307.11336v2,2307.11336v2,Character Time-series Matching For Robust License Plate Recognition
2203.00343v1,2203.00343v1,Read before Generate! Faithful Long Form Question Answering with Machine Reading
1007.5240v2,1007.5240v2,Social-Aware Forwarding Improves Routing Performance in Pocket Switched Networks
2203.03463v2,2203.03463v2,Hierarchical Sketch Induction for Paraphrase Generation
1503.09052v1,1503.09052v1,Extending Eventually Consistent Cloud Databases for Enforcing Numeric Invariants
1304.6898v1,1304.6898v1,Automated Synthesis of Controllers for Search and Rescue from Temporal Logic Specifications
1402.6246v5,1402.6246v5,"An experimental exploration of Marsaglia's xorshift generators, scrambled"
2207.08549v1,2207.08549v1,Dense Cross-Query-and-Support Attention Weighted Mask Aggregation for Few-Shot Segmentation
0907.1817v1,0907.1817v1,A new intrinsic numerical method for PDE on surfaces
2003.08608v4,2003.08608v4,DPANet: Depth Potentiality-Aware Gated Attention Network for RGB-D Salient Object Detection
2104.09958v2,2104.09958v2,GENESIS-V2: Inferring Unordered Object Representations without Iterative Refinement
1208.4238v1,1208.4238v1,Fast and sensitive read mapping with approximate seeds and multiple backtracking
1708.02001v1,1708.02001v1,Amulet: Aggregating Multi-level Convolutional Features for Salient Object Detection
2207.02425v1,2207.02425v1,Self-Constrained Inference Optimization on Structural Groups for Human Pose Estimation
2208.06991v3,2208.06991v3,Towards Interpretable Sleep Stage Classification Using Cross-Modal Transformers
1310.3990v1,1310.3990v1,Distributed Algorithm for Dynamic Data-Gathering in Sensor Network
1108.5766v1,1108.5766v1,Each normal logic program has a 2-valued Minimal Hypotheses semantics
1307.7052v1,1307.7052v1,REECH-ME: Regional Energy Efficient Cluster Heads based on Maximum Energy Routing Protocol for WSNs
2212.06512v2,2212.06512v2,DifFace: Blind Face Restoration with Diffused Error Contraction
1012.4895v1,1012.4895v1,Recursive Definitions of Monadic Functions
1906.04560v1,1906.04560v1,EdMot: An Edge Enhancement Approach for Motif-aware Community Detection
1401.5099v1,1401.5099v1,A Stable Fountain Code Mechanism for Peer-to-Peer Content Distribution
1312.1181v1,1312.1181v1,Study on Delaunay tessellations of 1-irregular cuboids for 3D mixed element meshes
2106.13802v1,2106.13802v1,Efficient Document Image Classification Using Region-Based Graph Neural Network
2107.12655v3,2107.12655v3,MKConv: Multidimensional Feature Representation for Point Cloud Analysis
1502.00317v2,1502.00317v2,An Exploration of Cursor tracking Data
1402.4111v2,1402.4111v2,Energy-efficient algorithms for non-preemptive speed-scaling
2008.09676v3,2008.09676v3,Abstractive Summarization of Spoken and Written Instructions with BERT
2304.05170v2,2304.05170v2,SportsMOT: A Large Multi-Object Tracking Dataset in Multiple Sports Scenes
2112.01529v3,2112.01529v3,BEVT: BERT Pretraining of Video Transformers
2104.06770v2,2104.06770v2,Graph-based Person Signature for Person Re-Identifications
0707.4389v1,0707.4389v1,Separation Logic for Small-step Cminor
2104.03474v1,2104.03474v1,Revisiting Simple Neural Probabilistic Language Models
2204.03905v2,2204.03905v2,BioBART: Pretraining and Evaluation of A Biomedical Generative Language Model
2303.10904v2,2303.10904v2,Actionlet-Dependent Contrastive Learning for Unsupervised Skeleton-Based Action Recognition
1301.7643v2,1301.7643v2,"Phishing, Personality Traits and Facebook"
2103.07615v3,2103.07615v3,"An Efficient Multitask Neural Network for Face Alignment, Head Pose Estimation and Face Tracking"
1106.0736v1,1106.0736v1,Distributed Stochastic Power Control in Ad-hoc Networks: A Nonconvex Case
2204.12451v4,2204.12451v4,Understanding The Robustness in Vision Transformers
0807.3632v1,0807.3632v1,How to Compute Times of Random Walks based Distributed Algorithms
1503.03169v1,1503.03169v1,"Dynamic Partitioning of Physical Memory Among Virtual Machines, ASMI:Architectural Support for Memory Isolation"
1906.07510v8,1906.07510v8,Attention Guided Graph Convolutional Networks for Relation Extraction
1002.2166v1,1002.2166v1,Partial monoids: associativity and confluence
2106.15004v2,2106.15004v2,Multimodal Trajectory Prediction Conditioned on Lane-Graph Traversals
2105.01288v2,2105.01288v2,Walk in the Cloud: Learning Curves for Point Clouds Shape Analysis
0909.2793v2,0909.2793v2,Enhanced sampling schemes for MCMC based blind Bernoulli-Gaussian deconvolution
1603.06828v2,1603.06828v2,Robust principal graphs for data approximation
2103.16129v1,2103.16129v1,Self-Guided and Cross-Guided Learning for Few-Shot Segmentation
1801.08831v1,1801.08831v1,A Multilayer Convolutional Encoder-Decoder Neural Network for Grammatical Error Correction
2009.13592v4,2009.13592v4,"A Ranking-based, Balanced Loss Function Unifying Classification and Localisation in Object Detection"
1411.4280v3,1411.4280v3,Efficient Object Localization Using Convolutional Networks
0807.1603v2,0807.1603v2,A Radar for the Internet
2202.06014v2,2202.06014v2,Multi-direction and Multi-scale Pyramid in Transformer for Video-based Pedestrian Retrieval
2211.04894v3,2211.04894v3,Exploring Video Quality Assessment on User Generated Contents from Aesthetic and Technical Perspectives
2305.11101v1,2305.11101v1,XFormer: Fast and Accurate Monocular 3D Body Capture
1212.4092v1,1212.4092v1,TSEP: Threshold-sensitive Stable Election Protocol for WSNs
1302.4216v2,1302.4216v2,Online Checkpointing with Improved Worst-Case Guarantees
2102.10590v3,2102.10590v3,Efficient Two-Stream Network for Violence Detection Using Separable Convolutional LSTM
1512.08086v1,1512.08086v1,Part-Stacked CNN for Fine-Grained Visual Categorization
2005.13044v1,2005.13044v1,Pay Attention to What You Read: Non-recurrent Handwritten Text-Line Recognition
1810.01817v1,1810.01817v1,Neural Segmental Hypergraphs for Overlapping Mention Recognition
1311.6605v1,1311.6605v1,Enhancing Approximations for Regular Reachability Analysis
2105.05361v1,2105.05361v1,The Summary Loop: Learning to Write Abstractive Summaries Without Examples
2208.07576v2,2208.07576v2,Object Discovery via Contrastive Learning for Weakly Supervised Object Detection
1801.01423v3,1801.01423v3,Overcoming catastrophic forgetting with hard attention to the task
1108.4129v2,1108.4129v2,Spatial Interactions of Peers and Performance of File Sharing Systems
1406.1563v1,1406.1563v1,An ACL2 Mechanization of an Axiomatic Framework for Weak Memory
1304.2132v2,1304.2132v2,The Deformed Consensus Protocol: Extended Version
1903.10829v1,1903.10829v1,SRM : A Style-based Recalibration Module for Convolutional Neural Networks
1106.1347v1,1106.1347v1,Methods of Matrix Multiplication: An Overview of Several Methods and their Implementation
2101.11112v1,2101.11112v1,Cross-Lingual Named Entity Recognition Using Parallel Corpus: A New Approach Using XLM-RoBERTa Alignment
2004.00070v1,2004.00070v1,Conditional Channel Gated Networks for Task-Aware Continual Learning
1406.3687v1,1406.3687v1,bit.ly/malicious: Deep Dive into Short URL based e-Crime Detection
1605.04434v1,1605.04434v1,Establishing Multiple Survivable Connections (Extended Version)
2304.06795v2,2304.06795v2,Efficient Sequence Transduction by Jointly Predicting Tokens and Durations
1310.8374v2,1310.8374v2,Capacity and Delay-Throughput Tradeoff in ICMNs with Poisson Meeting Process
2112.01528v1,2112.01528v1,A Fast Knowledge Distillation Framework for Visual Recognition
2103.14304v6,2103.14304v6,Lifting Transformer for 3D Human Pose Estimation in Video
2305.11603v1,2305.11603v1,Attributable and Scalable Opinion Summarization
1407.1289v3,1407.1289v3,Single Pass Spectral Sparsification in Dynamic Streams
1603.09055v1,1603.09055v1,Succinctness of Order-Invariant Logics on Depth-Bounded Structures
2109.07162v1,2109.07162v1,MISSFormer: An Effective Medical Image Segmentation Transformer
0905.3993v2,0905.3993v2,Continued Fraction Expansion of Real Roots of Polynomial Systems
1104.4475v1,1104.4475v1,Tiled QR factorization algorithms
1407.2889v1,1407.2889v1,A Hybrid Parallel Implementation of the Aho-Corasick and Wu-Manber Algorithms Using NVIDIA CUDA and MPI Evaluated on a Biological Sequence Database
1308.4465v1,1308.4465v1,On Diagnosis of Forwarding Plane via Static Forwarding Rules in Software Defined Networks
2201.01893v3,2201.01893v3,Flow-Guided Sparse Transformer for Video Deblurring
2209.09444v4,2209.09444v4,Vega-MT: The JD Explore Academy Translation System for WMT22
2106.04140v4,2106.04140v4,Broadcasted Residual Learning for Efficient Keyword Spotting
1909.12471v1,1909.12471v1,DMM-Net: Differentiable Mask-Matching Network for Video Object Segmentation
1408.0957v1,1408.0957v1,A Framework to Synergize Partial Order Reduction with State Interpolation
1604.01202v2,1604.01202v2,Multi-object Tracking for Generic Observation Model Using Labeled Random Finite Sets
1103.4016v1,1103.4016v1,Delay Constrained Throughput Analysis of a Correlated MIMO Wireless Channel
2210.05610v2,2210.05610v2,MTet: Multi-domain Translation for English and Vietnamese
1801.03924v2,1801.03924v2,The Unreasonable Effectiveness of Deep Features as a Perceptual Metric
1212.3534v1,1212.3534v1,A note on the product homomorphism problem and CQ-definability
1903.02271v2,1903.02271v2,High-Fidelity Image Generation With Fewer Labels
1912.07875v1,1912.07875v1,Libri-Light: A Benchmark for ASR with Limited or No Supervision
1912.13025v1,1912.13025v1,Semi-Supervised Learning with Normalizing Flows
1810.09305v1,1810.09305v1,WikiHow: A Large Scale Text Summarization Dataset
1109.5338v1,1109.5338v1,Self-Organization of Wireless Ad Hoc Networks as Small Worlds Using Long Range Directional Beams
1204.2857v1,1204.2857v1,Synthesis of Minimal Error Control Software
2304.05395v1,2304.05395v1,SE-ORNet: Self-Ensembling Orientation-aware Network for Unsupervised Point Cloud Shape Correspondence
1602.05314v1,1602.05314v1,PlaNet - Photo Geolocation with Convolutional Neural Networks
2302.05442v1,2302.05442v1,Scaling Vision Transformers to 22 Billion Parameters
2010.13715v2,2010.13715v2,ST-GREED: Space-Time Generalized Entropic Differences for Frame Rate Dependent Video Quality Prediction
1805.06553v1,1805.06553v1,A Deep Ensemble Model with Slot Alignment for Sequence-to-Sequence Natural Language Generation
1901.07696v2,1901.07696v2,Product-Aware Answer Generation in E-Commerce Question-Answering
1605.08935v1,1605.08935v1,Algorithms to Compute the Lyndon Array
2308.14900v2,2308.14900v2,BIT: Bi-Level Temporal Modeling for Efficient Supervised Action Segmentation
1404.2842v2,1404.2842v2,A Joint Optimization of Operational Cost and Performance Interference in Cloud Data Centers
1112.1260v1,1112.1260v1,Steganography: a class of secure and robust algorithms
1908.06647v4,1908.06647v4,RANet: Ranking Attention Network for Fast Video Object Segmentation
1712.00981v2,1712.00981v2,Feature Generating Networks for Zero-Shot Learning
1307.8209v1,1307.8209v1,A New PVSS Scheme with a Simple Encryption Function
1605.01078v1,1605.01078v1,Implementing Strassen's Algorithm with BLIS
2107.00645v2,2107.00645v2,Global Filter Networks for Image Classification
1201.3077v1,1201.3077v1,A Bijective String Sorting Transform
1510.04629v2,1510.04629v2,SAFE: A Declarative Trust Management System with Linked Credentials
2104.08955v4,2104.08955v4,Many-Speakers Single Channel Speech Separation with Optimal Permutation Training
1407.2510v1,1407.2510v1,On the Erdos Discrepancy Problem
1707.07755v2,1707.07755v2,AMR Parsing using Stack-LSTMs
2006.05806v2,2006.05806v2,Bandit Samplers for Training Graph Neural Networks
1612.04460v2,1612.04460v2,Hypernyms under Siege: Linguistically-motivated Artillery for Hypernymy Detection
1303.6314v2,1303.6314v2,Numerical model of elastic laminated glass beams under finite strain
1901.11153v2,1901.11153v2,Pix2Vox: Context-aware 3D Reconstruction from Single and Multi-view Images
1506.09074v1,1506.09074v1,Privacy-preserving Publication of Mobility Data with High Utility
2210.14419v1,2210.14419v1,Discourse-Aware Emotion Cause Extraction in Conversations
0810.2227v1,0810.2227v1,Distributed Management of Massive Data: an Efficient Fine-Grain Data Access Scheme
1906.06606v1,1906.06606v1,Multi-Hop Paragraph Retrieval for Open-Domain Question Answering
2111.05754v1,2111.05754v1,Prune Once for All: Sparse Pre-Trained Language Models
1605.08485v3,1605.08485v3,The State of the Art in Cartograms
1204.4230v2,1204.4230v2,"Planar F-Deletion: Approximation, Kernelization and Optimal FPT Algorithms"
1504.06541v1,1504.06541v1,Resource requirements and speed versus geometry of unconditionally secure physical key exchanges
2212.04500v2,2212.04500v2,Masked Video Distillation: Rethinking Masked Feature Modeling for Self-supervised Video Representation Learning
1208.2406v1,1208.2406v1,Simulation Analysis of Medium Access Techniques
2112.03694v1,2112.03694v1,Hard Sample Aware Noise Robust Learning for Histopathology Image Classification
1301.4089v2,1301.4089v2,Cryptanalyzing image encryption using chaotic logistic map
1106.2578v1,1106.2578v1,Extensible Pattern Matching in an Extensible Language
1904.02549v1,1904.02549v1,DeCaFA: Deep Convolutional Cascade for Face Alignment In The Wild
2109.07069v2,2109.07069v2,F-CAM: Full Resolution Class Activation Maps via Guided Parametric Upscaling
1103.5695v1,1103.5695v1,"Poster Abstract: If You Have Time, Save Energy with Pull"
2105.09002v2,2105.09002v2,QuatDE: Dynamic Quaternion Embedding for Knowledge Graph Completion
1809.04505v1,1809.04505v1,Emo2Vec: Learning Generalized Emotion Representation by Multi-task Training
1904.07172v3,1904.07172v3,Deep Iterative Surface Normal Estimation
1701.07275v1,1701.07275v1,"Universal representations:The missing link between faces, text, planktons, and cat breeds"
1306.4956v1,1306.4956v1,"Cloud-Based Augmentation for Mobile Devices: Motivation, Taxonomies, and Open Challenges"
1710.02772v1,1710.02772v1,Smarnet: Teaching Machines to Read and Comprehend Like Human
1512.07684v1,1512.07684v1,A Constraint-based Approach for Generating Transformation Patterns
2203.15132v1,2203.15132v1,LocalBins: Improving Depth Estimation by Learning Local Distributions
2112.09106v1,2112.09106v1,RegionCLIP: Region-based Language-Image Pretraining
1809.05807v1,1809.05807v1,Dual Memory Network Model for Biased Product Review Classification
1707.07128v1,1707.07128v1,Single Image Super-Resolution with Dilated Convolution based Multi-Scale Information Learning Inception Module
0708.1411v1,0708.1411v1,Achievable Outage Rates with Improved Decoding of Bicm Multiband Ofdm Under Channel Estimation Errors
2201.08959v5,2201.08959v5,Few-shot Object Counting with Similarity-Aware Feature Enhancement
0903.4266v1,0903.4266v1,The Risk-Utility Tradeoff for IP Address Truncation
1407.0961v1,1407.0961v1,An Enhanced Multiway Sorting Network Based on n-Sorters
0909.4955v2,0909.4955v2,On the Different Shapes Arising in a Family of Rational Curves Depending on a Parameter
1112.4237v1,1112.4237v1,On Bounding Problems of Quantitative Information Flow
2104.00272v2,2104.00272v2,Mesh Graphormer
1810.12936v1,1810.12936v1,NPRF: A Neural Pseudo Relevance Feedback Framework for Ad-hoc Information Retrieval
1007.1593v2,1007.1593v2,A Fast Algorithm for Three-Dimensional Layers of Maxima Problem
2307.12270v2,2307.12270v2,Context Perception Parallel Decoder for Scene Text Recognition
2105.05926v1,2105.05926v1,Semantic Diversity Learning for Zero-Shot Multi-label Classification
2302.05965v3,2302.05965v3,RESDSQL: Decoupling Schema Linking and Skeleton Parsing for Text-to-SQL
1507.03676v1,1507.03676v1,Presentation of Classical Propositional Tableaux on Program Design Premises
1601.07403v1,1601.07403v1,"Graphs of finite algebras, edges, and connectivity"
0707.0610v4,0707.0610v4,Unfolding Orthogonal Terrains
2307.01492v1,2307.01492v1,FB-OCC: 3D Occupancy Prediction based on Forward-Backward View Transformation
1305.3199v1,1305.3199v1,ScrambleSuit: A Polymorph Network Protocol to Circumvent Censorship
1401.1942v3,1401.1942v3,Test Problem Construction for Single-Objective Bilevel Optimization
2308.15266v2,2308.15266v2,NOVIS: A Case for End-to-End Near-Online Video Instance Segmentation
1410.5105v1,1410.5105v1,Improved Region-Growing and Combinatorial Algorithms for $k$-Route Cut Problems
1808.04234v1,1808.04234v1,Fast Video Shot Transition Localization with Deep Structured Models
2002.12625v1,2002.12625v1,4D Association Graph for Realtime Multi-person Motion Capture Using Multiple Video Cameras
2103.17105v3,2103.17105v3,The GIST and RIST of Iterative Self-Training for Semi-Supervised Segmentation
1807.02653v1,1807.02653v1,When Work Matters: Transforming Classical Network Structures to Graph CNN
1810.07931v6,1810.07931v6,Unsupervised Neural Text Simplification
0803.2615v1,0803.2615v1,Rapport de recherche sur le problème du plus court chemin contraint
1402.7205v3,1402.7205v3,Sparse Gröbner Bases: the Unmixed Case
2211.10772v4,2211.10772v4,DeepSolo: Let Transformer Decoder with Explicit Points Solo for Text Spotting
1811.11387v2,1811.11387v2,Self-Supervised Spatiotemporal Feature Learning via Video Rotation Prediction
2103.10360v2,2103.10360v2,GLM: General Language Model Pretraining with Autoregressive Blank Infilling
2306.06615v1,2306.06615v1,Empowering Molecule Discovery for Molecule-Caption Translation with Large Language Models: A ChatGPT Perspective
2107.09600v3,2107.09600v3,DSP: Dual Soft-Paste for Unsupervised Domain Adaptive Semantic Segmentation
1512.01100v2,1512.01100v2,Effective LSTMs for Target-Dependent Sentiment Classification
2207.12978v1,2207.12978v1,Tracking Every Thing in the Wild
2103.10368v2,2103.10368v2,MSMatch: Semi-Supervised Multispectral Scene Classification with Few Labels
1210.7954v2,1210.7954v2,A simpler load-balancing algorithm for range-partitioned data in peer-to-peer systems
2112.10741v3,2112.10741v3,GLIDE: Towards Photorealistic Image Generation and Editing with Text-Guided Diffusion Models
1602.04503v6,1602.04503v6,Beyond Good and Evil: Formalizing the Security Guarantees of Compartmentalizing Compilation
2109.12925v6,2109.12925v6,HarrisZ$^+$: Harris Corner Selection for Next-Gen Image Matching Pipelines
2010.11304v3,2010.11304v3,Document-Level Relation Extraction with Adaptive Thresholding and Localized Context Pooling
1511.00905v2,1511.00905v2,Sensor-based Proximity Detection in the Face of Active Adversaries
1301.2976v1,1301.2976v1,Local Thresholding on Distributed Hash Tables
2105.14078v1,2105.14078v1,UCPhrase: Unsupervised Context-aware Quality Phrase Tagging
1811.10144v3,1811.10144v3,Self-similarity Grouping: A Simple Unsupervised Cross Domain Adaptation Approach for Person Re-identification
2010.05740v4,2010.05740v4,Contextualize Knowledge Bases with Transformer for End-to-end Task-Oriented Dialogue Systems
2106.06909v1,2106.06909v1,"GigaSpeech: An Evolving, Multi-domain ASR Corpus with 10,000 Hours of Transcribed Audio"
2102.01929v3,2102.01929v3,Regularization Strategy for Point Cloud via Rigidly Mixed Sample
1204.2727v5,1204.2727v5,The Cost of Perfection for Matchings in Graphs
1511.00799v4,1511.00799v4,A geometric approach to the dynamics of flapping wing micro aerial vehicles: Modelling and reduction
1006.1408v1,1006.1408v1,Exploiting the Temporal Logic Hierarchy and the Non-Confluence Property for Efficient LTL Synthesis
1604.02559v1,1604.02559v1,UAV-Assisted Heterogeneous Networks for Capacity Enhancement
0710.4499v2,0710.4499v2,Remarks on Jurdzinski and Lorys' proof that palindromes are not a Church-Rosser language
2207.10447v2,2207.10447v2,Weakly Supervised Object Localization via Transformer with Implicit Spatial Calibration
2110.03753v3,2110.03753v3,From Stars to Subgraphs: Uplifting Any GNN with Local Structure Awareness
1507.04188v1,1507.04188v1,Stream Verification
1305.6402v1,1305.6402v1,From Parametric Model-based Optimization to robust PID Gain Scheduling
2011.14284v1,2011.14284v1,UVid-Net: Enhanced Semantic Segmentation of UAV Aerial Videos by Embedding Temporal Information
1907.08448v1,1907.08448v1,Deep Graph-Convolutional Image Denoising
2307.14403v1,2307.14403v1,Unsupervised Deep Learning-based Pansharpening with Jointly-Enhanced Spectral and Spatial Fidelity
1907.08243v1,1907.08243v1,Joint Learning of Named Entity Recognition and Entity Linking
2003.11236v1,2003.11236v1,GreedyNAS: Towards Fast One-Shot NAS with Greedy Supernet
2006.14536v1,2006.14536v1,Smooth Adversarial Training
1408.1025v2,1408.1025v2,Stable Throughput Region of Cognitive-Relay Networks with Imperfect Sensing and Finite Relaying Buffer
1710.10044v1,1710.10044v1,Distributional Reinforcement Learning with Quantile Regression
2103.04257v3,2103.04257v3,Student-Teacher Feature Pyramid Matching for Anomaly Detection
1912.04071v1,1912.04071v1,DeepFuse: An IMU-Aware Network for Real-Time 3D Human Pose Estimation from Multi-View Image
1602.04104v1,1602.04104v1,An Analytical Model of the IEEE 802.3ah MAC Protocol for EPON-based Access Systems
2008.00031v3,2008.00031v3,No-Reference Video Quality Assessment Using Space-Time Chips
1502.00164v1,1502.00164v1,Context-aware Computing in the Internet of Things: A Survey on Internet of Things From Industrial Market Perspective
2007.11858v1,2007.11858v1,Whole-Body Human Pose Estimation in the Wild
0904.2658v1,0904.2658v1,On Finding Directed Trees with Many Leaves
1209.3644v1,1209.3644v1,Availability of titles on peer-to-peer file sharing networks
2102.08786v1,2102.08786v1,Graph Learning with 1D Convolutions on Random Walks
1101.4554v1,1101.4554v1,Team-building with Answer Set Programming in the Gioia-Tauro Seaport
1904.03582v1,1904.03582v1,Multi-Label Image Recognition with Graph Convolutional Networks
1510.04317v1,1510.04317v1,Partitioning Algorithms for Improving Efficiency of Topic Modeling Parallelization
1305.6110v1,1305.6110v1,On a New Notion of Partial Refinement
2103.05465v1,2103.05465v1,PointDSC: Robust Point Cloud Registration using Deep Spatial Consistency
2004.11909v1,2004.11909v1,On the safety of vulnerable road users by cyclist orientation detection using Deep Learning
2007.12099v3,2007.12099v3,PP-YOLO: An Effective and Efficient Implementation of Object Detector
1508.03954v3,1508.03954v3,Complex additive geometric multilevel solvers for Helmholtz equations on spacetrees
2203.05482v3,2203.05482v3,Model soups: averaging weights of multiple fine-tuned models improves accuracy without increasing inference time
2202.10571v1,2202.10571v1,Generating Videos with Dynamics-aware Implicit Generative Adversarial Networks
0907.1375v1,0907.1375v1,PT-Scotch: A tool for efficient parallel graph ordering
2211.10439v1,2211.10439v1,BEVFormer v2: Adapting Modern Image Backbones to Bird's-Eye-View Recognition via Perspective Supervision
1506.08548v1,1506.08548v1,On the Security of MTA-OTIBASs (Multiple-TA One-Time Identity-Based Aggregate Signatures)
2104.13414v2,2104.13414v2,Traffic signal prediction on transportation networks using spatio-temporal correlations on graphs
2108.00462v1,2108.00462v1,Explainable Deep Few-shot Anomaly Detection with Deviation Networks
2105.13680v1,2105.13680v1,Focus on Local: Detecting Lane Marker from Bottom Up via Key Point
1709.04329v1,1709.04329v1,GLAD: Global-Local-Alignment Descriptor for Pedestrian Retrieval
0807.0552v1,0807.0552v1,Decomposition of Multiple Coverings into More Parts
1905.05529v4,1905.05529v4,Entity-Relation Extraction as Multi-Turn Question Answering
1902.00749v1,1902.00749v1,Online Multi-Object Tracking with Dual Matching Attention Networks
2302.14673v2,2302.14673v2,Attention-based Point Cloud Edge Sampling
2305.08227v1,2305.08227v1,DeepFilterNet: Perceptually Motivated Real-Time Speech Enhancement
2103.14899v1,2103.14899v1,CrossViT: Cross-Attention Multi-Scale Vision Transformer for Image Classification
1703.04309v1,1703.04309v1,End-to-End Learning of Geometry and Context for Deep Stereo Regression
0903.2188v1,0903.2188v1,Rfuzzy framework
2012.12624v3,2012.12624v3,Learning Dense Representations of Phrases at Scale
2110.08059v3,2110.08059v3,FlexConv: Continuous Kernel Convolutions with Differentiable Kernel Sizes
1910.03231v7,1910.03231v7,Peer Loss Functions: Learning from Noisy Labels without Knowing Noise Rates
1401.3172v1,1401.3172v1,An iterative merging placement algorithm for the fixed-outline floorplanning
1902.10360v1,1902.10360v1,An Editorial Network for Enhanced Document Summarization
0711.2383v1,0711.2383v1,Decoding the Golden Code: a VLSI design
2104.09805v1,2104.09805v1,CTNet: Context-based Tandem Network for Semantic Segmentation
2205.13012v2,2205.13012v2,TSEM: Temporally Weighted Spatiotemporal Explainable Neural Network for Multivariate Time Series
1902.00751v2,1902.00751v2,Parameter-Efficient Transfer Learning for NLP
1607.04423v4,1607.04423v4,Attention-over-Attention Neural Networks for Reading Comprehension
2103.07074v2,2103.07074v2,Semantic Segmentation for Real Point Cloud Scenes via Bilateral Augmentation and Adaptive Fusion
2106.03821v2,2106.03821v2,Active Speaker Detection as a Multi-Objective Optimization with Uncertainty-based Multimodal Fusion
2102.12828v2,2102.12828v2,ZJUKLAB at SemEval-2021 Task 4: Negative Augmentation with Language Model for Reading Comprehension of Abstract Meaning
1907.01470v1,1907.01470v1,Augmenting Self-attention with Persistent Memory
2306.09382v3,2306.09382v3,Sound Demixing Challenge 2023 Music Demixing Track Technical Report: TFC-TDF-UNet v3
1506.04729v4,1506.04729v4,Optimal Forwarding in Opportunistic Delay Tolerant Networks with Meeting Rate Estimations
1807.11407v1,1807.11407v1,HybridNet: Classification and Reconstruction Cooperation for Semi-Supervised Learning
1203.0657v1,1203.0657v1,On the Role of Vehicular Mobility in Cooperative Content Caching
2007.06504v3,2007.06504v3,Towards Practical Lipreading with Distilled and Efficient Models
2112.01838v2,2112.01838v2,Efficient Two-Stage Detection of Human-Object Interactions with a Novel Unary-Pairwise Transformer
1906.02192v1,1906.02192v1,Large-Scale Multi-Label Text Classification on EU Legislation
2305.16713v1,2305.16713v1,ReConPatch : Contrastive Patch Representation Learning for Industrial Anomaly Detection
2004.11540v2,2004.11540v2,Deep Global Registration
1212.6510v1,1212.6510v1,On Neighborhood Tree Search
1806.02847v2,1806.02847v2,A Simple Method for Commonsense Reasoning
1212.0064v3,1212.0064v3,Properties of the dual planar triangulations
2002.01145v2,2002.01145v2,Syntactically Look-Ahead Attention Network for Sentence Compression
2210.16192v3,2210.16192v3,Pretraining Respiratory Sound Representations using Metadata and Contrastive Learning
0711.2605v2,0711.2605v2,Generalized D-Forms Have No Spurious Creases
2307.08629v1,2307.08629v1,Deficiency-Aware Masked Transformer for Video Inpainting
1204.5500v2,1204.5500v2,On the Complexity of the Monte Carlo Method for Incremental PageRank
2012.14610v3,2012.14610v3,UniK-QA: Unified Representations of Structured and Unstructured Knowledge for Open-Domain Question Answering
1305.0141v2,1305.0141v2,Truth versus information in logic programming
1404.5481v1,1404.5481v1,Causal study of Network Performance
1405.1558v1,1405.1558v1,Efficient Cooperative Anycasting for AMI Mesh Networks
1306.5797v1,1306.5797v1,Optimized Parallel Transmission in Elastic Optical Networks to Support High-Speed Ethernet
2310.06603v1,2310.06603v1,V2X-AHD:Vehicle-to-Everything Cooperation Perception via Asymmetric Heterogenous Distillation Network
1606.00776v2,1606.00776v2,Multiresolution Recurrent Neural Networks: An Application to Dialogue Response Generation
1503.02835v1,1503.02835v1,Polynomial-time approximability of the k-Sink Location problem
1709.07809v1,1709.07809v1,Neural Machine Translation
1106.1240v1,1106.1240v1,Reactive Safety
1908.07625v1,1908.07625v1,Action recognition with spatial-temporal discriminative filter banks
1603.07938v1,1603.07938v1,OptCon: An Adaptable SLA-Aware Consistency Tuning Framework for Quorum-based Stores
2112.01527v3,2112.01527v3,Masked-attention Mask Transformer for Universal Image Segmentation
2106.03598v1,2106.03598v1,SciFive: a text-to-text transformer model for biomedical literature
2304.12406v2,2304.12406v2,AutoFocusFormer: Image Segmentation off the Grid
1807.08902v2,1807.08902v2,Self-produced Guidance for Weakly-supervised Object Localization
2104.14124v1,2104.14124v1,Condensation-Net: Memory-Efficient Network Architecture with Cross-Channel Pooling Layers and Virtual Feature Maps
2303.13863v1,2303.13863v1,MagicEye: An Intelligent Wearable Towards Independent Living of Visually Impaired
1412.5052v2,1412.5052v2,The Abandoned Side of the Internet: Hijacking Internet Resources When Domain Names Expire
